site,title,company,location,link
JobStreet,Student Intern/OJT (with allowance),"Concepcion Durables, Inc.",Muntinlupa City,https://ph.jobstreet.com/job/88761880?type=standard&ref=search-standalone&origin=cardTitle#sol=cfc79a027f22aaf4b9844866c458a111833c88b6
JobStreet,Computer Programming Intern,Mega Cellular Network Inc.,Sampaloc,https://ph.jobstreet.com/job/88761455?type=standard&ref=search-standalone&origin=cardTitle#sol=228749dd891e0aa898a060d9dd66a721f1b461e2
JobStreet,HR Intern [PAID],Filoil Logistics Corporation,Mandaluyong City,https://ph.jobstreet.com/job/88763162?type=standard&ref=search-standalone&origin=cardTitle#sol=a38b60781aa1b6a1152eb9c29f5c1b7bbc9645f7
JobStreet,Billing Intern,Inteluck Corporation,Makati City,https://ph.jobstreet.com/job/88738568?type=standard&ref=search-standalone&origin=cardTitle#sol=21eb0f2ff939404b3e1b019c0869c5062f4a1b8b
JobStreet,Information Systems (IS) Intern,Allegis Global Solutions (Philippines) Corporation,Pasig City,https://ph.jobstreet.com/job/88682651?type=standard&ref=search-standalone&origin=cardTitle#sol=10cce4fc4e5450e4b19a20f6afed77fd769a6d69
JobStreet,On The Job Trainee/Intern - Accounting,JAKA Investments Corporation,Makati City,https://ph.jobstreet.com/job/88763523?type=standard&ref=search-standalone&origin=cardTitle#sol=791398174d7431731676f7fc3aa7d8367ddfdc13
JobStreet,Competitive Intelligence Intern (Paid Internship),SEEK Asia (JobStreet.com Philippines Inc.),Taguig City,https://ph.jobstreet.com/job/88154308?type=standard&ref=search-standalone&origin=cardTitle#sol=05f72240e23279e09b597ecf7de5a065cc25d0e5
JobStreet,Admin Intern,YOFC INTERNATIONAL (PHILIPPINES) CORPORATION,Bonifacio Global City,https://ph.jobstreet.com/job/88761808?type=standard&ref=search-standalone&origin=cardTitle#sol=b7148531ca3641cb885f0e7fe027cc397eb69718
JobStreet,INTERN/OJT (IT DEPT.),KC Wonderland Corp. (World of Fun),Mandaluyong City,https://ph.jobstreet.com/job/88760744?type=standard&ref=search-standalone&origin=cardTitle#sol=d42c9f5cab9328cf6819ba7b847e77e3a294b298
JobStreet,Office Technology and Transformation (Intern),"PricewaterhouseCoopers Business Services Philippines Co., Ltd. (""PwC BSP"")",Santa Mesa,https://ph.jobstreet.com/job/88593193?type=standard&ref=search-standalone&origin=cardTitle#sol=59b8ee983bc666aa593a75c9639f4cff053b3d37
JobStreet,INTERNS,Global Technological Trading Inc.,Bonifacio Global City,https://ph.jobstreet.com/job/88513656?type=standard&ref=search-standalone&origin=cardTitle#sol=825769331a6503e497dfae3b551fbcd25f18420e
JobStreet,Finance Interns,DSV International Shared Services Inc.,Paranaque City,https://ph.jobstreet.com/job/88727662?type=standard&ref=search-standalone&origin=cardTitle#sol=2283333b70b3b1a00fe1d95c5728be60a517bcf6
JobStreet,Events Intern,PASIA,Makati City,https://ph.jobstreet.com/job/88762682?type=standard&ref=search-standalone&origin=cardTitle#sol=33710184a38bf50ccf68b2840c572c7f8f557362
JobStreet,Internship for IT / ComSci / CpE,DENSO TEN Solutions Philippines Corporation,Metro Manila,https://ph.jobstreet.com/job/88293458?type=standard&ref=search-standalone&origin=cardTitle#sol=884f0b8c9846f3559ff6029f5fd7e9f284159e2b
JobStreet,Web Design & Developer Intern (front end and backend),Private Advertiser,Manila City,https://ph.jobstreet.com/job/88758046?type=standard&ref=search-standalone&origin=cardTitle#sol=8d04e8a970e7444d61980752de711b5fcf55bc99
JobStreet,Procurement Intern,"International Container Terminal Services, Inc. (ICTSI)",Manila City,https://ph.jobstreet.com/job/88720027?type=standard&ref=search-standalone&origin=cardTitle#sol=c6edaf4e37efd043af4edc731b3470e4886ba3f9
JobStreet,Technical Intern,Wonderzyme Inc.,Mandaluyong City,https://ph.jobstreet.com/job/88763275?type=standard&ref=search-standalone&origin=cardTitle#sol=cf3a2526bb205174b418d52d9cecd71c1c3a4e68
JobStreet,WFH Art Course Coordinator Intern,Atrtillery Philippines,Metro Manila,https://ph.jobstreet.com/job/88753163?type=standard&ref=search-standalone&origin=cardTitle#sol=eb2683b64484f56d0b9d320cf451b25e2e34a3bf
JobStreet,People & Culture Intern (December Start),"The Dairy Farm Company, Limited- ROHQ",Mandaluyong City,https://ph.jobstreet.com/job/88606351?type=standard&ref=search-standalone&origin=cardTitle#sol=7e5557b7193cc74bc99cd4701840b3e1393adc27
JobStreet,Human Resources Intern,Unisys,Mandaluyong City,https://ph.jobstreet.com/job/88425609?type=standard&ref=search-standalone&origin=cardTitle#sol=639291beb1d7d12ad7487b43ee8a3a427564cd0b
JobStreet,Intern,"Rudolf Lietz, Inc.",Paranaque City,https://ph.jobstreet.com/job/87657795?type=standard&ref=search-standalone&origin=cardTitle#sol=7e72978d67e68e5bc69e126a55ccee38cb9afc96
JobStreet,Marketing Intern,Mega Cellular Network Inc.,Sampaloc,https://ph.jobstreet.com/job/88761718?type=standard&ref=search-standalone&origin=cardTitle#sol=3fb974ab9119b3fc727a3ef9e0130e7353706325
JobStreet,Master Data Intern,"Goodyear Regional Business Services, Inc.",Taguig City,https://ph.jobstreet.com/job/88508349?type=standard&ref=search-standalone&origin=cardTitle#sol=397f86270357eec6366333fafaa1169ada9cbdef
JobStreet,Executive Assistant Intern (Paid Internship),Frontier Tower Associates Philippines Inc.,Taguig City,https://ph.jobstreet.com/job/88498854?type=standard&ref=search-standalone&origin=cardTitle#sol=e7521d2d41bf49f973f8a73a1d53097a0365c86c
JobStreet,Ecommerce Creative Intern (Filipino Only - Remote Working),PT Himalaya Wellness Indonesia,Makati City,https://ph.jobstreet.com/job/88665369?type=standard&ref=search-standalone&origin=cardTitle#sol=26458b40d3440d80f7509f35b8468587e334e39f
JobStreet,Internship - Ecommerce and Business Development,Mapple Philippines Inc.,Makati City,https://ph.jobstreet.com/job/88527460?type=standard&ref=search-standalone&origin=cardTitle#sol=8df5c5976f3aafc66761472531d78a128fae2959
JobStreet,"IT Intern | On-Site | Angeles, Pampanga | Paid Internship",Staff Domain Inc,Angeles City,https://ph.jobstreet.com/job/88161440?type=standard&ref=search-standalone&origin=cardTitle#sol=b5326f6e8d0b98c5f283248e9594c034a644122d
JobStreet,HR intern,Private Advertiser,Makati City,https://ph.jobstreet.com/job/88763678?type=standard&ref=search-standalone&origin=cardTitle#sol=a60c13dad1c12549df331aa2a22b6ea45a30656f
JobStreet,Accounting Intern,Akoi Management,Makati City,https://ph.jobstreet.com/job/88760378?type=standard&ref=search-standalone&origin=cardTitle#sol=bc4caceb1679c33f262e528156bee6d729eff0a4
JobStreet,Human Resources Intern,Allegis Global Solutions (Philippines) Corporation,Pasig City,https://ph.jobstreet.com/job/88447784?type=standard&ref=search-standalone&origin=cardTitle#sol=2329d0b5ea545aa2f63f9d612c6694aacd4b61fb
JobStreet,Graphic Design Intern,PASIA,Makati City,https://ph.jobstreet.com/job/88762638?type=standard&ref=search-standalone&origin=cardTitle#sol=dd49c9c43effbe17ebaf412baa79ba8727ff6869
JobStreet,Marketing (Intern),"PricewaterhouseCoopers Business Services Philippines Co., Ltd. (""PwC BSP"")",Santa Mesa,https://ph.jobstreet.com/job/88594409?type=standard&ref=search-standalone&origin=cardTitle#sol=025c61a08e4f7286a8491bf13cbe18ec3e4a9313
JobStreet,Student Intern/OJT (with allowance),"Concepcion Durables, Inc.",Muntinlupa City,https://ph.jobstreet.com/job/88761880?type=standard&ref=search-standalone&origin=cardTitle#sol=d5cdfbf8c1a74318ebdb736d8a7f8e0dcce612a8
JobStreet,Computer Programming Intern,Mega Cellular Network Inc.,Sampaloc,https://ph.jobstreet.com/job/88761455?type=standard&ref=search-standalone&origin=cardTitle#sol=cf5e1fec20ca298ad49128dfaddfc218a69dfa83
JobStreet,HR Intern [PAID],Filoil Logistics Corporation,Mandaluyong City,https://ph.jobstreet.com/job/88763162?type=standard&ref=search-standalone&origin=cardTitle#sol=3070fc680ce85023284db6450fa194aad5cb1b4a
JobStreet,Billing Intern,Inteluck Corporation,Makati City,https://ph.jobstreet.com/job/88738568?type=standard&ref=search-standalone&origin=cardTitle#sol=96a096b2e849faacf4d7cfcd572c462e6f3b9540
JobStreet,Information Systems (IS) Intern,Allegis Global Solutions (Philippines) Corporation,Pasig City,https://ph.jobstreet.com/job/88682651?type=standard&ref=search-standalone&origin=cardTitle#sol=72dd97e38c3ab01591670677bd760f5b86b2388c
JobStreet,On The Job Trainee/Intern - Accounting,JAKA Investments Corporation,Makati City,https://ph.jobstreet.com/job/88763523?type=standard&ref=search-standalone&origin=cardTitle#sol=4594ee24966ec02e97006417b1969d59743000ee
JobStreet,Competitive Intelligence Intern (Paid Internship),SEEK Asia (JobStreet.com Philippines Inc.),Taguig City,https://ph.jobstreet.com/job/88154308?type=standard&ref=search-standalone&origin=cardTitle#sol=118624344f896873d4d8ba260454b828432305ef
JobStreet,Admin Intern,YOFC INTERNATIONAL (PHILIPPINES) CORPORATION,Bonifacio Global City,https://ph.jobstreet.com/job/88761808?type=standard&ref=search-standalone&origin=cardTitle#sol=552352d098d02d9c2ad9da743ae56600664f3857
JobStreet,INTERN/OJT (IT DEPT.),KC Wonderland Corp. (World of Fun),Mandaluyong City,https://ph.jobstreet.com/job/88760744?type=standard&ref=search-standalone&origin=cardTitle#sol=2a5e10c39c662bda0bf3eebd1b64e00f74e539ae
JobStreet,Office Technology and Transformation (Intern),"PricewaterhouseCoopers Business Services Philippines Co., Ltd. (""PwC BSP"")",Santa Mesa,https://ph.jobstreet.com/job/88593193?type=standard&ref=search-standalone&origin=cardTitle#sol=31c8480cb0ad55666f5702b25ef63857df817fad
JobStreet,INTERNS,Global Technological Trading Inc.,Bonifacio Global City,https://ph.jobstreet.com/job/88513656?type=standard&ref=search-standalone&origin=cardTitle#sol=3a1eb6c5f57541f3077c5e59ad94528a5ef26046
JobStreet,Finance Interns,DSV International Shared Services Inc.,Paranaque City,https://ph.jobstreet.com/job/88727662?type=standard&ref=search-standalone&origin=cardTitle#sol=a81a3d4a7c9c2bd44f4206ead1c3703fcb734c8f
JobStreet,Events Intern,PASIA,Makati City,https://ph.jobstreet.com/job/88762682?type=standard&ref=search-standalone&origin=cardTitle#sol=741cb4024fac8251197120e5117fdfe47e2f80e5
JobStreet,Internship for IT / ComSci / CpE,DENSO TEN Solutions Philippines Corporation,Metro Manila,https://ph.jobstreet.com/job/88293458?type=standard&ref=search-standalone&origin=cardTitle#sol=910cdc559349a9c1cf80cf82c82986649d7c9c0b
JobStreet,Web Design & Developer Intern (front end and backend),Private Advertiser,Manila City,https://ph.jobstreet.com/job/88758046?type=standard&ref=search-standalone&origin=cardTitle#sol=f5d8ea220171da96ac36a13d57a4260704827ad4
JobStreet,Procurement Intern,"International Container Terminal Services, Inc. (ICTSI)",Manila City,https://ph.jobstreet.com/job/88720027?type=standard&ref=search-standalone&origin=cardTitle#sol=fad7c979430c99704c872170142f54c9baeb16aa
JobStreet,Technical Intern,Wonderzyme Inc.,Mandaluyong City,https://ph.jobstreet.com/job/88763275?type=standard&ref=search-standalone&origin=cardTitle#sol=97b4060b47e5b2cfb65dfdfc35e3c6fe7938bfef
JobStreet,WFH Art Course Coordinator Intern,Atrtillery Philippines,Metro Manila,https://ph.jobstreet.com/job/88753163?type=standard&ref=search-standalone&origin=cardTitle#sol=1268704eb5ec4312125072afaa43439316df146e
JobStreet,People & Culture Intern (December Start),"The Dairy Farm Company, Limited- ROHQ",Mandaluyong City,https://ph.jobstreet.com/job/88606351?type=standard&ref=search-standalone&origin=cardTitle#sol=a8d69544bd4055a1cfc1af73854f026530c80794
JobStreet,Human Resources Intern,Unisys,Mandaluyong City,https://ph.jobstreet.com/job/88425609?type=standard&ref=search-standalone&origin=cardTitle#sol=5640ee77db8851f7abe6afb895f9d7e9401881a8
JobStreet,Intern,"Rudolf Lietz, Inc.",Paranaque City,https://ph.jobstreet.com/job/87657795?type=standard&ref=search-standalone&origin=cardTitle#sol=135fc69fe92178d28c6b60b93529bb223e62c28f
JobStreet,Marketing Intern,Mega Cellular Network Inc.,Sampaloc,https://ph.jobstreet.com/job/88761718?type=standard&ref=search-standalone&origin=cardTitle#sol=19fabf6801193bf27c5dd0e778e77df643b22e7a
JobStreet,Master Data Intern,"Goodyear Regional Business Services, Inc.",Taguig City,https://ph.jobstreet.com/job/88508349?type=standard&ref=search-standalone&origin=cardTitle#sol=ec358ffbdc7e28ddab181ce38e4fda91170d0359
JobStreet,Executive Assistant Intern (Paid Internship),Frontier Tower Associates Philippines Inc.,Taguig City,https://ph.jobstreet.com/job/88498854?type=standard&ref=search-standalone&origin=cardTitle#sol=c8dbe46d2386ef2e11e11a196995b499a7886964
JobStreet,Ecommerce Creative Intern (Filipino Only - Remote Working),PT Himalaya Wellness Indonesia,Makati City,https://ph.jobstreet.com/job/88665369?type=standard&ref=search-standalone&origin=cardTitle#sol=f0deefcdc72c68ff53e82f112d16c248700c1383
JobStreet,Internship - Ecommerce and Business Development,Mapple Philippines Inc.,Makati City,https://ph.jobstreet.com/job/88527460?type=standard&ref=search-standalone&origin=cardTitle#sol=a67b5107a2bf2dbdc39140a9fb88d37b85a6ffd8
JobStreet,"IT Intern | On-Site | Angeles, Pampanga | Paid Internship",Staff Domain Inc,Angeles City,https://ph.jobstreet.com/job/88161440?type=standard&ref=search-standalone&origin=cardTitle#sol=32f7b5f4bbe289ab0596efa6adea98de3cee81c7
JobStreet,HR intern,Private Advertiser,Makati City,https://ph.jobstreet.com/job/88763678?type=standard&ref=search-standalone&origin=cardTitle#sol=3e0d900b2d71c58c563e5af124eb23c53aaa3da5
JobStreet,Accounting Intern,Akoi Management,Makati City,https://ph.jobstreet.com/job/88760378?type=standard&ref=search-standalone&origin=cardTitle#sol=80f9a65344fa849b2114180bd59328f572dc1260
JobStreet,Human Resources Intern,Allegis Global Solutions (Philippines) Corporation,Pasig City,https://ph.jobstreet.com/job/88447784?type=standard&ref=search-standalone&origin=cardTitle#sol=b13b1b833fdd2c3d527e1b48f8fde1a2f364c8f1
JobStreet,Graphic Design Intern,PASIA,Makati City,https://ph.jobstreet.com/job/88762638?type=standard&ref=search-standalone&origin=cardTitle#sol=b38645727d39358e76f69d88f032f2ff1180550c
JobStreet,Marketing (Intern),"PricewaterhouseCoopers Business Services Philippines Co., Ltd. (""PwC BSP"")",Santa Mesa,https://ph.jobstreet.com/job/88594409?type=standard&ref=search-standalone&origin=cardTitle#sol=7322e10167bddcf872ab8f3b3a4ef37757662c72
Indeed,Accounts Payable Intern,,,https://ph.indeed.com/rc/clk?jk=91dc04acd6a3a529&bb=wm9LQxzcyjcnq4LP9xT3Au79l-paK9JiEiyXtZFmGk0Xprzg5rEYFM0SUVwY19cHgLQkbwcr0q8n-4EyQRSI8TpEaNRugakMLyY172Ep0mH3hM_Qm2uPn7FQ1jgMY43czHITdC7eg7vKVK1wety6Gw%3D%3D&xkcb=SoBC67M3qfESRgTI8B0LbzkdCdPP&fccid=a45988788e9d1ec6&cmp=BEfied&ti=Accounts+Payable+Clerk&vjs=3
Indeed,Student Intern,,,https://ph.indeed.com/rc/clk?jk=d7680369bc451554&bb=wm9LQxzcyjcnq4LP9xT3ApYDFZ-bA7jwcKgK2BFmz7bIhYI2O7fHJcszT_i4U9Ylft02RO4_Il4cMGZYc-HKj5BpBT3CaNtQlJiAdKuj6wipeQ3oKsZwwEK8S5JUv8KgIQoHmJ3uWq6dNm020_kaAw%3D%3D&xkcb=SoD267M3qfESRgTI8B0KbzkdCdPP&fccid=1643975a1dae05e2&cmp=Machinebank%25E2%2580%2599s-Corporation&ti=Student+Intern&vjs=3
Indeed,Project Management Intern,,,https://ph.indeed.com/rc/clk?jk=c1565899b3635148&bb=wm9LQxzcyjcnq4LP9xT3AtzOHqov5WUawLn9_fT7UYC8DgSCz68sjLUodRpqIDUl9ooBjY1YxFaKSbxiBjzF-CSxSyxedP2P_QpZoPW-zQV4JmgtSxqVazoTVkSYwKMU8fku56Ii_yPE4XkNMjW-WA%3D%3D&xkcb=SoBr67M3qfESRgTI8B0JbzkdCdPP&fccid=2973259ddc967948&cmp=PepsiCo&ti=Project+Intern&vjs=3
Indeed,Accounts Receivable Intern,,,https://ph.indeed.com/rc/clk?jk=6129164d64dc04d2&bb=wm9LQxzcyjcnq4LP9xT3Apz0tMZWibNsaeez0YnaSP6zO-J6INcbvO01TbA4sJr1Y8wNhSlSlb9MMT7W3DCRW_iWkC2obkQrQH5A3eqnQc3vMmecUUZhPbmueel1t_FrWGxanf-iuY5xMAnkskixWA%3D%3D&xkcb=SoDf67M3qfESRgTI8B0IbzkdCdPP&fccid=a45988788e9d1ec6&cmp=BEfied&ti=Accounts+Receivable+Clerk&vjs=3
Indeed,Business System Analyst Trainee,,,https://ph.indeed.com/rc/clk?jk=88401113fac83055&bb=wm9LQxzcyjcnq4LP9xT3Ase8gySFAnC03Zwet0oRsK2YB9EoWqvJ6qKyIRmdD8hZpDlaWXtfUpbsIkJzyVVQQcTmtjwWeCY0AF8nO2lvlsCIq9Ruwi9ciDm07AoWF96kyUH76lu8_CvXQts5hYe7QA%3D%3D&xkcb=SoBR67M3qfESRgTI8B0PbzkdCdPP&fccid=a45988788e9d1ec6&cmp=BEfied&ti=Business+Systems+Analyst&vjs=3
Indeed,Quality Assurance Intern,,,https://ph.indeed.com/rc/clk?jk=0f37c792d28ee988&bb=wm9LQxzcyjcnq4LP9xT3AvMaHqBavyT-t57N_hW4h_Pb0ZQIMCHAzEbYtm7xtfTetVlwvTZ2zR5qh3m8595PsUy2NAV3VIKVtmGR-oVJPhQrp3JOG910YKENMF49RdGrcpdonx5njRg1TWr2jJtMQw%3D%3D&xkcb=SoDl67M3qfESRgTI8B0ObzkdCdPP&fccid=8eddb7a83ca14b00&cmp=Elinnov-Technologies-Inc.&ti=Quality+Assurance+Analyst&vjs=3
Indeed,Internship/OJT,,,https://ph.indeed.com/rc/clk?jk=3c718eea9024eba7&bb=wm9LQxzcyjcnq4LP9xT3ArEDW0ttqPdqW_iARh1AWEd9QNRO3ynM3yVdUXufZjJru00L_UpjHvLzIQWdc2z6_oWYrs4l_lGnnz0y4Sa4PUnhO8S1Ilaa55zUf8smsc-61HVI3VQ_-f1MYlS-9mBc8w%3D%3D&xkcb=SoB467M3qfESRgTI8B0NbzkdCdPP&fccid=59598074206a1b32&cmp=Emerging-Power-Incorporated&ti=Internship%2Fojt&vjs=3
Indeed,Internship/OJT,,,https://ph.indeed.com/viewjob?jk=fedcba9876543210
Indeed,Data Science and Analytics - Intern,,,https://ph.indeed.com/rc/clk?jk=e51a9c4929269ac1&bb=wm9LQxzcyjcnq4LP9xT3Ak-f7OWNQw49iW3gwk6eCbdUsb1b85KGyAjwduQ60kSKVNSflbkhswqsJTyN9eF2u5gFGE3VJ6bAq_dZKLlIeLLgqpdNRBWVMQhrE0FdW0Z3vcH3PaHBMfiOqs8OQuXX_Q%3D%3D&xkcb=SoDM67M3qfESRgTI8B0MbzkdCdPP&fccid=aa87123621205a10&vjs=3
Indeed,Quality Assurance Interns,,,https://ph.indeed.com/rc/clk?jk=7745d2533bd20e27&bb=wm9LQxzcyjcnq4LP9xT3Amt6p9ny7dFrJ2Cxk6lE5pQSZ3Mv9KoRuqzN8mDQVX98BkXTe4iopXnTM_h444l5p8t8qV9eqi90wGNAKxOXwaqCkFXAlJ7Ij-Jp2bhTbLdhPxh7dy_5G4pftTVjUbKSjQ%3D%3D&xkcb=SoAl67M3qfESRgTI8B0DbzkdCdPP&fccid=7f63a1c03d6cb38c&vjs=3
Indeed,Finance Internship,,,https://ph.indeed.com/rc/clk?jk=c9ef5ddbe5623285&bb=wm9LQxzcyjcnq4LP9xT3AqoW3y9J0AMwO6D-jIpwBFbiIlfsABl4BXDY5JJDNzZENyr6IUR4ZnwL4yRYlv0uX4eNRGC_cAcfirOc83OSyhoo2-Bc7zZ6deCjHnZqmCQMihaEhMHsRen6CXsYNv07bg%3D%3D&xkcb=SoCR67M3qfESRgTI8B0CbzkdCdPP&fccid=ab84a784eec43fc0&vjs=3
Indeed,Student Intern,,,https://ph.indeed.com/rc/clk?jk=b148769cceca8e9b&bb=wm9LQxzcyjcnq4LP9xT3Ai-EuP6bh7xKRmsvCiKe1xCz_8q76Nv_wUBVzjzUSI5srkPYTid4sJFPvHxRn06VPq7B-6yxICQu8rtNY4m8DpWbwolvEd4KKKbZOMJWT7RR-6oeqbXz2HeGrqw6uPtDqA%3D%3D&xkcb=SoAM67M3qfESRgTI8B0BbzkdCdPP&fccid=8eddb7a83ca14b00&cmp=Elinnov-Technologies-Inc.&ti=Student+Intern&vjs=3
Indeed,Corporate IT Intern,,,https://ph.indeed.com/rc/clk?jk=4e2f6dbbbd21e5fe&bb=wm9LQxzcyjcnq4LP9xT3AttRkY_cPhHjehwJaocE8d6Q6PaWRCMhHk0_1pIRvBzvY2VzNJCC8apwUYwHq9cEfeL_Mrz8HKLRLYXC39-V3qgpBXXH-y5smug-Ph4aE3nMdetvnA2m_N4-B_F1glT0Pg%3D%3D&xkcb=SoC467M3qfESRgTI8B0AbzkdCdPP&fccid=9abf8f570e1f5db3&vjs=3
Indeed,Intern (On Site - Internship),,,https://ph.indeed.com/rc/clk?jk=587e73c43a67e63a&bb=wm9LQxzcyjcnq4LP9xT3AiC8WChmZKEzgBWs8BwLvz9_cIW8nqwpG0NO6JsUSXxfUvg0qGkO_b37Ujvkt4zNzhD5S4IMdYkhp4IMW7Ccw6ybLGKNGAUUuUSYCy-tPaKfgXm9Fz9NGd7yphD4WoB6Ag%3D%3D&xkcb=SoA267M3qfESRgTI8B0HbzkdCdPP&fccid=a99f73a58e2dcca5&cmp=Landers-Superstore&ti=Engineering+Intern&vjs=3
Indeed,OJT Trainees / Internship,,,https://ph.indeed.com/rc/clk?jk=a0fee17791e7fc59&bb=wm9LQxzcyjcnq4LP9xT3AuwopPOxXkz3KqHBENi6ZM6eLT-atjd5eMZGe16rmTz2EM-1-NxS7bhoXcdQFPxMqUBkujkVEtgy9x9yi6tbPo7W88-MM4lXczsdOPcJHQKzKt2WQszjtUiiDF_Hniq-OQ%3D%3D&xkcb=SoCC67M3qfESRgTI8B0GbzkdCdPP&fccid=ddeac3cfbfe7e777&cmp=The-Orchard-Golf-and-Country-Club&ti=Ojt+Trainees+%2F+Internship&vjs=3
Indeed,Operations Intern,,,https://ph.indeed.com/rc/clk?jk=8b3f70f5d1a5beee&bb=wm9LQxzcyjcnq4LP9xT3AhfZ1R5wZvn6tjX8bRSYAd5IuAtHSyM1lZ8GZSMRD94Qx7pKj2X-ArxJ1GZQUFkF-960uw6htpUlly9XPCntrkQiGUu8fjhZA1dLBO80KzvSEL0qx4fA5hkuJjuP7QhWwA%3D%3D&xkcb=SoAf67M3qfESRgTI8B0FbzkdCdPP&fccid=7f63a1c03d6cb38c&vjs=3
LinkedIn,2025 Shopee Philippines Internship,Shopee,,https://ph.linkedin.com/jobs/view/2025-shopee-philippines-internship-at-shopee-4125231614?position=6&pageNum=0&refId=92awP%2FEai%2FoYbUW53B1BXA%3D%3D&trackingId=wdaqKe0FSf4mcRDsZA8edQ%3D%3D
LinkedIn,Coca-Cola Internship Program,Coca-Cola Europacific Aboitiz Philippines,,https://ph.linkedin.com/jobs/view/coca-cola-internship-program-at-coca-cola-europacific-aboitiz-philippines-4284100749?position=9&pageNum=0&refId=92awP%2FEai%2FoYbUW53B1BXA%3D%3D&trackingId=5hchbz0yuxvaNQpsGuflxQ%3D%3D
LinkedIn,Developer Internship (Philippines),Sybrin,,https://ph.linkedin.com/jobs/view/developer-internship-philippines-at-sybrin-4304336921?position=16&pageNum=0&refId=92awP%2FEai%2FoYbUW53B1BXA%3D%3D&trackingId=H8gPqLL%2B%2B9N%2F5JCs0kMSYw%3D%3D
LinkedIn,Internship (OJT) : Brand Team,adidas,,https://ph.linkedin.com/jobs/view/internship-ojt-brand-team-at-adidas-4303435946?position=17&pageNum=0&refId=92awP%2FEai%2FoYbUW53B1BXA%3D%3D&trackingId=hZk8HkJuBXAYf15spmYaVA%3D%3D
LinkedIn,Undergraduate Internship - Corporate Communications,Globe Telecom,,https://ph.linkedin.com/jobs/view/undergraduate-internship-corporate-communications-at-globe-telecom-3962777077?position=28&pageNum=0&refId=92awP%2FEai%2FoYbUW53B1BXA%3D%3D&trackingId=xmfqdRudH9zFPL0cSMbydQ%3D%3D
LinkedIn,Internship (OJT) : HR & Admin,adidas,,https://ph.linkedin.com/jobs/view/internship-ojt-hr-admin-at-adidas-4303452015?position=30&pageNum=0&refId=92awP%2FEai%2FoYbUW53B1BXA%3D%3D&trackingId=bS3E7iuocdT3b6tJSemQsg%3D%3D
LinkedIn,Digital Marketing Specialist - Internship,99,,https://ph.linkedin.com/jobs/view/digital-marketing-specialist-internship-at-99-4320161179?position=33&pageNum=0&refId=92awP%2FEai%2FoYbUW53B1BXA%3D%3D&trackingId=06yORxwHGcdlHlZgF1%2F%2BCw%3D%3D
LinkedIn,Emma Sleep Internship Program (APAC),Emma â€“ The Sleep Company,,https://ph.linkedin.com/jobs/view/emma-sleep-internship-program-apac-at-emma-%E2%80%93-the-sleep-company-3986964151?position=43&pageNum=0&refId=92awP%2FEai%2FoYbUW53B1BXA%3D%3D&trackingId=s89FivmhUAGZaKLtrhb8Nw%3D%3D
LinkedIn,Hiring OJT Internship at IT Company,Search Shark,,https://ph.linkedin.com/jobs/view/hiring-ojt-internship-at-it-company-at-search-shark-4320190659?position=45&pageNum=0&refId=92awP%2FEai%2FoYbUW53B1BXA%3D%3D&trackingId=4S2aOXuXEtnLTKKTUO1UUg%3D%3D
LinkedIn,Marketing & Communications Internship,Globe Telecom,,https://ph.linkedin.com/jobs/view/marketing-communications-internship-at-globe-telecom-4324706160?position=53&pageNum=0&refId=92awP%2FEai%2FoYbUW53B1BXA%3D%3D&trackingId=totW%2BEGES0B4Z4eSQ5gpMA%3D%3D
Kalibrr,Intern or OJT,"Bryan Distributors & Services, Inc.","Quezon City, Philippines",https://www.kalibrr.com/c/bryan-distributors-services-inc/jobs/259808/intern-or-ojt
Kalibrr,ITSM Intern,YONDU INC.,"Taguig, Philippines",https://www.kalibrr.com/c/yondu-inc/jobs/259989/itsm-intern-2
Kalibrr,Marketing Intern,"Healthspan Global, Inc.","Makati, Philippines",https://www.kalibrr.com/c/healthspan-global/jobs/258908/marketing-intern-2
Kalibrr,"OJT, HR and Admin Department","Adidas Philippines, Inc.","Taguig, Philippines",https://www.kalibrr.com/c/adidas-philippines-inc/jobs/259170/ojt-hr-and-admin-department-2
Kalibrr,HR and Admin Internship Program,Kadence International,"Pasig, Philippines",https://www.kalibrr.com/c/kadence-international-business-research-inc/jobs/260714/hr-and-admin-internship-program-2
Kalibrr,Accounting Intern,Alveo Land Corporation,"Taguig, Philippines",https://www.kalibrr.com/c/alveo-land-corporation-cham/jobs/260784/accounting-intern
Kalibrr,Finance Intern,Alveo Land Corporation,"Taguig, Philippines",https://www.kalibrr.com/c/alveo-land-corporation-cham/jobs/261337/finance-intern
Kalibrr,Sales and Marketing Intern,Elite Worldgroup,"Pasig, Philippines",https://www.kalibrr.com/c/elite-worldgroup/jobs/146680/sales-and-marketing-intern-2
Kalibrr,ITSM Intern,YONDU INC.,"Taguig, Philippines",https://www.kalibrr.com/c/yondu-inc/jobs/260012/itsm-intern-3
Kalibrr,Legal Intern,YONDU INC.,"Taguig, Philippines",https://www.kalibrr.com/c/yondu-inc/jobs/259988/legal-intern-5
Kalibrr,"OJT, Wholesale Department","Adidas Philippines, Inc.","Taguig City, Philippines",https://www.kalibrr.com/c/adidas-philippines-inc/jobs/259173/ojt-wholesale-department
Kalibrr,Sales & Customer Operations Intern,Kalibrr,"Makati, Philippines",https://www.kalibrr.com/c/kalibrr-ph/jobs/255030/sales-customer-operations-intern
Kalibrr,Quezon City Internship Program,Quezon City Local Government,"Quezon City, Philippines",https://www.kalibrr.com/c/quezon-city-local-government/jobs/201395/quezon-city-internship-program
Kalibrr,Quality Assurance (QA) Intern,"August 99, Inc","Pasig, Philippines",https://www.kalibrr.com/c/august-99-inc/jobs/248156/quality-assurance-qa-intern
Kalibrr,Legal Intern,YONDU INC.,"Taguig, Philippines",https://www.kalibrr.com/c/yondu-inc/jobs/257279/legal-intern-2
